feature,importance_mean,importance_std
bureau_score,0.21952383077595758,0.03335408072207151
total_active_facilities,0.017487461744484845,0.01502273252600562
declared_operating_margin,0.005232058476470536,0.020080921683234127
business_type,0.004893283344443833,0.005313680113602668
credit_count_180d,0.0026143050303854497,0.004642014217087257
credit_enquiries_6m,0.0021943560905451297,0.003506035999159659
previous_max_dpd_12m,0.0021832982369453134,0.007554329575302862
debit_to_credit_ratio_180d,0.0015931592096756764,0.003237122901655411
total_closed_facilities,0.0015081755146363674,0.0017242083223484074
business_age_months,0.0014309086017442907,0.008837193432949338
transaction_count_180d,0.0013528967911309864,0.0027011719203694725
county_code,0.0012256590636936127,0.006019052832297045
requested_term_months,0.000923401917550426,0.0012652815128415275
collateral_coverage_ratio,0.0007039118153420954,0.003299462537543557
net_cash_flow_180d,0.0006320335707324376,0.004866890537843268
collateral_type,0.00030922501416023597,0.003171914087462945
delinquent_facilities,9.564652373943439e-05,6.248301603625702e-05
legal_cases,0.0,0.0
written_off_facilities,0.0,0.0
adverse_listing_flag,0.0,0.0
loan_product_code,0.0,0.0
account_count,-0.00016401754737370157,0.0015820869449557854
minimum_balance_180d,-0.0008914917640216902,0.0025523364335971474
average_debit_180d,-0.001479896788877183,0.005256523372956571
cash_transaction_count_180d,-0.001555279814407251,0.0021622847575129495
debit_count_180d,-0.001606943276509437,0.0017754075580915696
requested_amount,-0.00196058790276894,0.002602270340923221
collateral_value,-0.0020234614264134144,0.005993286792708523
credit_enquiries_3m,-0.0022119890523429665,0.0029696498276142215
employee_count,-0.0022166319812517376,0.002317045752170932
declared_monthly_expenses,-0.002395356210462274,0.0026451668927442566
declared_monthly_revenue,-0.0027994729297684375,0.0031960984824756775
total_debits_180d,-0.003037423150477342,0.005784628614519091
annual_turnover_declared,-0.0031086189461138835,0.001974710864893691
average_balance_180d,-0.0031132279795019644,0.002467713108860539
industry_code,-0.003611747201212878,0.0027066335733536354
oldest_account_age_months,-0.0036152229227251476,0.006801983032008506
requested_amount_to_turnover,-0.004048577297189876,0.002692252261705625
total_outstanding_balance,-0.004488032998190672,0.007186584169531826
maximum_balance_180d,-0.004574534120213835,0.0021698329780276385
average_credit_180d,-0.004732677781654504,0.004804975668679808
total_credits_180d,-0.005604185914737675,0.004123596831799451
application_channel,-0.0058608856521798645,0.004619971376145145
total_monthly_obligation,-0.005879177860645779,0.008955840135079312
transaction_amount_stddev_180d,-0.007119276398224778,0.007069851328651539
existing_monthly_debt,-0.007799366893135229,0.008705665888398089
relationship_age_months,-0.00796588903545466,0.006573455321643738
loan_purpose_code,-0.007997324219720759,0.0018911824460734338
existing_debt_to_revenue,-0.010585079224007598,0.01184764045216963
