feature,category,applications,defaults,default_rate
business_type,LIMITED_COMPANY,1177,153,0.12999150382327954
business_type,PARTNERSHIP,374,36,0.0962566844919786
business_type,SOLE_PROPRIETORSHIP,829,94,0.11338962605548854
industry_code,A01,273,30,0.10989010989010989
industry_code,C10,272,33,0.1213235294117647
industry_code,F41,304,29,0.09539473684210527
industry_code,G47,254,46,0.18110236220472442
industry_code,H49,339,44,0.12979351032448377
industry_code,I56,301,38,0.12624584717607973
industry_code,J62,339,37,0.10914454277286136
industry_code,S96,298,26,0.087248322147651
county_code,1,228,33,0.14473684210526316
county_code,22,249,21,0.08433734939759036
county_code,25,225,26,0.11555555555555555
county_code,27,230,33,0.14347826086956522
county_code,3,247,35,0.1417004048582996
county_code,30,253,30,0.11857707509881422
county_code,32,242,28,0.11570247933884298
county_code,37,227,29,0.1277533039647577
county_code,40,247,24,0.09716599190283401
county_code,47,232,24,0.10344827586206896
application_channel,BRANCH,582,60,0.10309278350515463
application_channel,MOBILE,569,70,0.12302284710017575
application_channel,RELATIONSHIP_MANAGER,638,93,0.14576802507836992
application_channel,WEB,591,60,0.10152284263959391
loan_product_code,MSME_TERM,2380,283,0.11890756302521008
loan_purpose_code,ASSET_FINANCE,482,62,0.12863070539419086
loan_purpose_code,EXPANSION,490,60,0.12244897959183673
loan_purpose_code,INVENTORY,458,52,0.11353711790393013
loan_purpose_code,TRADE_FINANCE,460,54,0.11739130434782609
loan_purpose_code,WORKING_CAPITAL,490,55,0.11224489795918367
collateral_type,DEPOSIT,612,75,0.12254901960784313
collateral_type,NONE,617,61,0.09886547811993517
collateral_type,PROPERTY,566,72,0.127208480565371
collateral_type,VEHICLE,585,75,0.1282051282051282
adverse_listing_flag,False,2376,280,0.11784511784511785
adverse_listing_flag,True,4,3,0.75
