feature,coefficient,absolute_coefficient
numeric__bureau_score,-2.2825213274939147,2.2825213274939147
categorical__county_code_22,-0.8444759932111926,0.8444759932111926
numeric__requested_amount,0.7277351550395935,0.7277351550395935
numeric__declared_monthly_expenses,-0.6633885419112231,0.6633885419112231
categorical__business_type_PARTNERSHIP,-0.5418024050798586,0.5418024050798586
categorical__loan_product_code_MSME_TERM,-0.5140068635254251,0.5140068635254251
categorical__loan_purpose_code_INVENTORY,-0.48474036414388216,0.48474036414388216
numeric__maximum_balance_180d,-0.46321641801574726,0.46321641801574726
numeric__total_active_facilities,0.45644503955255716,0.45644503955255716
categorical__collateral_type_NONE,-0.44717073466990465,0.44717073466990465
categorical__adverse_listing_flag_True,-0.4209662763522108,0.4209662763522108
numeric__declared_monthly_revenue,0.401327047098749,0.401327047098749
categorical__industry_code_A01,-0.39944736057345165,0.39944736057345165
categorical__industry_code_S96,-0.39826775871072323,0.39826775871072323
categorical__county_code_40,-0.37503706384246105,0.37503706384246105
numeric__annual_turnover_declared,-0.36415941299970606,0.36415941299970606
categorical__application_channel_WEB,-0.360514946622554,0.360514946622554
numeric__requested_amount_to_turnover,-0.3300176723192315,0.3300176723192315
categorical__county_code_3,0.3158874106839127,0.3158874106839127
categorical__industry_code_C10,0.2946115176553234,0.2946115176553234
numeric__total_outstanding_balance,0.28387947101743627,0.28387947101743627
numeric__debit_to_credit_ratio_180d,-0.26492749216177097,0.26492749216177097
categorical__county_code_1,0.26292553646783323,0.26292553646783323
categorical__loan_purpose_code_EXPANSION,-0.2615872013734769,0.2615872013734769
categorical__county_code_25,-0.2526308878560646,0.2526308878560646
categorical__county_code_47,-0.23728003843862194,0.23728003843862194
categorical__county_code_37,0.2371231019864011,0.2371231019864011
numeric__existing_monthly_debt,-0.2281382477917463,0.2281382477917463
numeric__total_monthly_obligation,-0.2281382477917463,0.2281382477917463
numeric__credit_enquiries_6m,-0.2237705825279436,0.2237705825279436
numeric__average_balance_180d,0.21348980845871665,0.21348980845871665
numeric__credit_count_180d,-0.1908171914731241,0.1908171914731241
numeric__average_credit_180d,0.18180890667498764,0.18180890667498764
categorical__county_code_27,0.16538429847765312,0.16538429847765312
numeric__delinquent_facilities,-0.1618331248575889,0.1618331248575889
categorical__county_code_30,0.15487099091697998,0.15487099091697998
numeric__business_age_months,0.15355138778139926,0.15355138778139926
categorical__application_channel_MOBILE,-0.1528537755957542,0.1528537755957542
categorical__application_channel_BRANCH,-0.15235584707907388,0.15235584707907388
categorical__application_channel_RELATIONSHIP_MANAGER,0.15171770577182966,0.15171770577182966
numeric__cash_transaction_count_180d,0.14736531941172729,0.14736531941172729
categorical__loan_purpose_code_WORKING_CAPITAL,0.14002061483072878,0.14002061483072878
numeric__collateral_coverage_ratio,-0.13929572955326355,0.13929572955326355
numeric__total_credits_180d,0.13353626876027824,0.13353626876027824
categorical__loan_purpose_code_ASSET_FINANCE,0.12669370859397347,0.12669370859397347
categorical__industry_code_I56,0.11438152039318611,0.11438152039318611
categorical__business_type_SOLE_PROPRIETORSHIP,0.10762613510244759,0.10762613510244759
numeric__transaction_count_180d,-0.10752891407834064,0.10752891407834064
numeric__net_cash_flow_180d,0.09944650721418816,0.09944650721418816
numeric__employee_count,0.09866166672211242,0.09866166672211242
categorical__adverse_listing_flag_False,-0.09304058717324269,0.09304058717324269
numeric__account_count,0.09068329235190868,0.09068329235190868
categorical__collateral_type_DEPOSIT,0.0872819794831519,0.0872819794831519
numeric__previous_max_dpd_12m,0.08476350622263419,0.08476350622263419
categorical__business_type_LIMITED_COMPANY,-0.07983059354814163,0.07983059354814163
categorical__collateral_type_VEHICLE,-0.07963310102648098,0.07963310102648098
categorical__collateral_type_PROPERTY,-0.07448500731234885,0.07448500731234885
numeric__transaction_amount_stddev_180d,0.07410046564824016,0.07410046564824016
numeric__credit_enquiries_3m,0.0663798937803116,0.0663798937803116
numeric__existing_debt_to_revenue,0.0656177848008406,0.0656177848008406
numeric__collateral_value,-0.06429849896088877,0.06429849896088877
categorical__industry_code_G47,-0.06275782607512374,0.06275782607512374
categorical__county_code_32,0.059225781290064734,0.059225781290064734
categorical__industry_code_J62,-0.05262820175082036,0.05262820175082036
categorical__loan_purpose_code_TRADE_FINANCE,-0.034393621432924425,0.034393621432924425
numeric__debit_count_180d,0.02854457569301622,0.02854457569301622
categorical__industry_code_F41,-0.023809036290188653,0.023809036290188653
numeric__total_debits_180d,0.02040740778335602,0.02040740778335602
numeric__minimum_balance_180d,-0.020075419390360234,0.020075419390360234
numeric__written_off_facilities,0.019741421623125057,0.019741421623125057
numeric__requested_term_months,-0.019209458850253505,0.019209458850253505
numeric__average_debit_180d,0.01629160585717351,0.01629160585717351
categorical__industry_code_H49,0.013910281826306254,0.013910281826306254
numeric__declared_operating_margin,-0.008778341339504423,0.008778341339504423
numeric__total_closed_facilities,-0.0019259275803222996,0.0019259275803222996
numeric__relationship_age_months,0.0017976376556353144,0.0017976376556353144
numeric__oldest_account_age_months,0.0017976376556353144,0.0017976376556353144
numeric__legal_cases,0.0,0.0
