feature,missing,overall_mean,non_default_mean,default_mean,overall_median,minimum,maximum
employee_count,0,11.632773109243697,11.618502622794468,11.73851590106007,4.0,1.0,107.0
annual_turnover_declared,0,34985535.6882605,35047427.422179304,34526924.50088339,13477663.39,1001267.57,178750051.87
business_age_months,0,153.52563025210085,152.33428707677635,162.35335689045937,152.0,1.0,305.0
relationship_age_months,0,70.05672268907563,69.72103004291846,72.54416961130742,65.0,1.0,161.0
requested_amount,0,6062619.511768907,6053473.859632809,6130387.824593639,2294432.16,44546.81,25000000.0
requested_term_months,0,17.371008403361344,17.412017167381975,17.06713780918728,12.0,6.0,36.0
declared_monthly_revenue,0,2836477.5715672267,2841528.262699094,2799052.4856890463,1104298.72,64290.4,16733133.41
declared_monthly_expenses,0,1884286.1668907567,1881795.5602956605,1902741.2977385158,727166.625,34639.15,12270148.93
existing_monthly_debt,0,197157.6432773109,188866.61389127327,258593.29212014136,59453.375,9.48,2595334.77
collateral_value,0,5620663.158584034,5652140.894377681,5387416.473215548,1655115.24,622.52,44959278.44
requested_amount_to_turnover,0,0.18931665337153344,0.1898544346611513,0.18533175102408253,0.1828843340120199,0.0400652376734852,0.3499746659264593
declared_operating_margin,0,0.33360832503188587,0.3357612341689375,0.31765549654991626,0.33295792638619903,0.1800080510704265,0.5290100621714752
existing_debt_to_revenue,0,0.07048096123463056,0.06770707158887783,0.09103518945775245,0.06695363795138051,7.108573166437265e-06,0.2317699488220534
collateral_coverage_ratio,0,0.9185791951939145,0.9205265454363771,0.9041495363301547,0.9345251174713628,5.679622986823204e-05,1.7983711376
account_count,0,1.4201680672268908,1.4206008583690988,1.4169611307420495,1.0,1.0,3.0
oldest_account_age_months,0,70.05672268907563,69.72103004291846,72.54416961130742,65.0,1.0,161.0
transaction_count_180d,0,9.282773109243697,9.307105388650452,9.102473498233216,9.0,1.0,21.0
credit_count_180d,0,4.273529411764706,4.30138292799237,4.067137809187279,4.0,0.0,12.0
debit_count_180d,0,5.009243697478992,5.005722460658083,5.035335689045937,5.0,0.0,17.0
total_credits_180d,0,992561.1179705884,981013.4768049596,1078127.914876325,321903.155,0.0,18195503.1
total_debits_180d,0,1209213.0737058823,1206292.1367381974,1230856.9069964662,415854.20999999996,0.0,20678158.84
average_credit_180d,0,238282.2598809556,234685.94998151742,264930.5350015271,77579.68645833334,0.0,9097751.55
average_debit_180d,0,242946.10827657356,242626.97907164466,245310.82185514533,87037.57875,0.0,3964971.115
average_balance_180d,0,1072717.433250656,1072916.773591518,1071240.3424563527,407132.0325,17724.7875,9328146.066666666
minimum_balance_180d,0,203103.49686134455,201186.8322222222,217305.77865724382,20245.71,0.0,5729946.88
maximum_balance_180d,0,2011272.903878151,2012380.2353409631,2003067.695123675,801949.0349999999,26483.58,23315766.04
transaction_amount_stddev_180d,0,204564.7412585668,202384.0668573515,220723.30740467442,69558.145989885,0.0,5917262.0518
cash_transaction_count_180d,0,1.6865546218487395,1.6795422031473533,1.7385159010600706,1.0,0.0,10.0
net_cash_flow_180d,0,-216651.95573529412,-225278.65993323797,-152728.99212014134,-26146.145,-19420829.18,13784852.23
debit_to_credit_ratio_180d,36,2.594034449730001,2.6121893912043106,2.4591131940252406,1.1785618320311593,0.0,152.22308355975636
bureau_score,0,689.9340336134454,702.7558416785885,594.9257950530035,697.0,369.0,850.0
total_active_facilities,0,1.7331932773109244,1.619933237958989,2.5724381625441697,2.0,0.0,6.0
total_closed_facilities,0,4.009243697478992,3.9866475917978064,4.176678445229682,4.0,0.0,8.0
total_outstanding_balance,0,3136892.4832478995,3003016.4627181687,4128899.6035689046,878393.5349999999,104.17,41504688.37
total_monthly_obligation,0,197157.6432773109,188866.61389127327,258593.29212014136,59453.375,9.48,2595334.77
previous_max_dpd_12m,0,4.310924369747899,3.3047210300429186,11.76678445229682,0.0,0.0,90.0
delinquent_facilities,0,0.008403361344537815,0.002861230329041488,0.04946996466431095,0.0,0.0,1.0
written_off_facilities,0,0.0004201680672268908,0.0,0.0035335689045936395,0.0,0.0,1.0
legal_cases,0,0.0,0.0,0.0,0.0,0.0,0.0
credit_enquiries_3m,0,1.9739495798319329,1.9713876967095851,1.9929328621908127,2.0,0.0,4.0
credit_enquiries_6m,0,3.537394957983193,3.568431092036242,3.3074204946996466,4.0,0.0,7.0
